h3,hour,dayofweek,count_trips,predicted
872153806ffffff,23,6,4035,3506.631974929122
872153815ffffff,23,6,26,-17.517644591267135
872153831ffffff,23,6,1808,2006.2260695100028
872153833ffffff,23,6,2397,1953.7240600643095
